<?xml version="1.0" encoding="UTF-8"?>
<?xml-stylesheet href="employee.xsl" type="text/xsl"?>

<Company>
    <employee>
           <Emp_name>Employee 1</Emp_name>
           <Emp_age>20</Emp_age>
           <Emp_salary>60000</Emp_salary>
           <Emp_emailid>emp1@gamil.com</Emp_emailid>
           <Emp_Phonenum>98979969</Emp_Phonenum>
           <Emp_designation>Testing</Emp_designation>
    </employee>
    <employee>
           <Emp_name>Employee 2</Emp_name>
           <Emp_age>45</Emp_age>
           <Emp_salary>70000</Emp_salary>
           <Emp_emailid>emp2@gamil.com</Emp_emailid>
           <Emp_Phonenum>98979969</Emp_Phonenum>
           <Emp_designation>Testing</Emp_designation>
    </employee>
    <employee>
           <Emp_name>Employee 3</Emp_name>
           <Emp_age>40</Emp_age>
           <Emp_salary>100000</Emp_salary>
           <Emp_emailid>emp3@gamil.com</Emp_emailid>
           <Emp_Phonenum>98979969</Emp_Phonenum>
           <Emp_designation>developer</Emp_designation>
    </employee>
    <employee>
           <Emp_name>Employee 4</Emp_name>
           <Emp_age>32</Emp_age>
           <Emp_salary>120000</Emp_salary>
           <Emp_emailid>emp4@gamil.com</Emp_emailid>
           <Emp_Phonenum>98979969</Emp_Phonenum>
           <Emp_designation>developer</Emp_designation>
    </employee>
    <employee>
           <Emp_name>Employee 5</Emp_name>
           <Emp_age>55</Emp_age>
           <Emp_salary>100000</Emp_salary>
           <Emp_emailid>emp5@gamil.com</Emp_emailid>
           <Emp_Phonenum>98979969</Emp_Phonenum>
           <Emp_designation>developer</Emp_designation>
    </employee>
</Company>